{
  "project_info": {
    "project_number": "1021725232096",
    "project_id": "shepherd-signals",
    "storage_bucket": "shepherd-signals.appspot.com"
  },
  "client": [
    {
      "client_info": {
        "mobilesdk_app_id": "1:1021725232096:android:cc823267177ac5c402f985",
        "android_client_info": {
          "package_name": "com.ShepherdFX.Software"
        }
      },
      "oauth_client": [
        {
          "client_id": "1021725232096-avutibef282omvlm7b7c2rpjdqtugtnq.apps.googleusercontent.com",
          "client_type": 1,
          "android_info": {
            "package_name": "com.ShepherdFX.Software",
            "certificate_hash": "29482aa7e2fb49648c816a3d8bf93b528a88b0c3"
          }
        },
        {
          "client_id": "1021725232096-ievvtj4ufqr8rli5e3rs54h9vuibngot.apps.googleusercontent.com",
          "client_type": 3
        }
      ],
      "api_key": [
        {
          "current_key": "AIzaSyBTExMbdNuc4hz2onGWeTuX7KlqwHFRyeo"
        }
      ],
      "services": {
        "appinvite_service": {
          "other_platform_oauth_client": [
            {
              "client_id": "1021725232096-ievvtj4ufqr8rli5e3rs54h9vuibngot.apps.googleusercontent.com",
              "client_type": 3
            }
          ]
        }
      }
    },
    {
      "client_info": {
        "mobilesdk_app_id": "1:1021725232096:android:0e9c927fa8bad1f002f985",
        "android_client_info": {
          "package_name": "com.example.mailing"
        }
      },
      "oauth_client": [
        {
          "client_id": "1021725232096-ievvtj4ufqr8rli5e3rs54h9vuibngot.apps.googleusercontent.com",
          "client_type": 3
        }
      ],
      "api_key": [
        {
          "current_key": "AIzaSyBTExMbdNuc4hz2onGWeTuX7KlqwHFRyeo"
        }
      ],
      "services": {
        "appinvite_service": {
          "other_platform_oauth_client": [
            {
              "client_id": "1021725232096-ievvtj4ufqr8rli5e3rs54h9vuibngot.apps.googleusercontent.com",
              "client_type": 3
            }
          ]
        }
      }
    }
  ],
  "configuration_version": "1"
}